{
    "matrix_matrix": [
        [
            0.820304975910128,
            0.12482855542896551,
            0.37691399554753635,
            0.8434291644556238
        ],
        [
            0.12482855542896551,
            0.01899820269866384,
            0.058244194706565666,
            0.12890751991461313
        ],
        [
            0.37691399554753635,
            0.058244194706565666,
            0.4737222975921839,
            0.5771092417019525
        ],
        [
            0.8434291644556238,
            0.12890751991461313,
            0.5771092417019525,
            0.9867803418767656
        ]
    ],
    "matrix_vector": [
        0.3211432032957246,
        0.04889721266058472,
        0.15696029345183726,
        0.3361262116073821
    ],
    "vector_matrix": [
        0.6248500383430656,
        0.6256928483849213
    ],
    "vector_vector": 0.8140734975042362
}